ID,Fig 1. ID,# in bursting node,# desc of bursting node,# total GC seq,BB density,BB(DZ) density,NDS,Normalization factor,Norm burst,Norm  desc,Unnamed: 11,# divisions,# total in burst,population fraction estimate,parental fraction
C_GC3_2,1,31,42,78,0.748,1.0065858130368261,,25.809892641969903,800.106671901067,1084.0154909627358,42.465753424657535,9.64404854572899,73,0.9420610814319014,0.4246575342465753
C_GC5_3,2,15,15,44,0.6559999999999999,0.9074237507921662,,41.24653412691664,618.6980119037496,618.6980119037496,50.0,9.273091587842632,30,0.6186980119037497,0.5
M8-5.2:3_1 RY,4,13,55,89,0.61,0.920926240658916,,20.694971700200362,269.0346321026047,1138.22344351102,19.11764705882353,8.071648088752566,68,0.7036290378068123,0.19117647058823528
M8-4.1:2_1 Y,3,17,49,90,0.6609999999999999,0.7974232826796197,,17.72051739288044,301.24879567896744,868.3053522511415,25.757575757575758,8.234811663577227,66,0.5847770739650545,0.25757575757575757
M9-6.1:4_1 R,5,13,40,82,0.473,0.9509098866588562,,23.19292406485015,301.508012843052,927.716962594006,24.528301886792452,8.236052533310776,53,0.6146124877185289,0.24528301886792453
