GC,mutation_prob
C_GC3_2,0.07181448966772945
C_GC5_3,0.05560335124000195
M8-4.1:2_1 Y,0.1197937887934876
M8-5.2:3_1 RY,0.1197937887934876
M9-6.1:4_1 R,0.1197937887934876
